{
  "version": "v6",
  "success": false,
  "message": "STOP: TOTAL NO. OF ITERATIONS REACHED LIMIT",
  "K_selected": 1,
  "negloglik": -21266.59099911021,
  "AIC": -42427.18199822042,
  "BIC": -42058.89317456868,
  "AIC_BIC_note": "AIC = 2*negloglik + 2*k; BIC = 2*negloglik + k*log(N). Negative values are expected when negloglik < 0. Lower (more negative) = better.",
  "betas": [
    0.6057204356928559
  ],
  "pis": [
    1.0
  ],
  "kappa": 1.1665552809953164,
  "sigmas": [
    0.12157565345395564,
    0.10105521349117111,
    0.054718999556013184
  ],
  "u_params": {
    "state_convention": "index 0 = Low(PO), index 1 = High(CE)",
    "X_COLS": [
      "x0",
      "h",
      "w",
      "post09",
      "post14",
      "post23"
    ],
    "u_LOW": [
      0.37257159872303625,
      0.09020361588733262,
      -0.2823892202522095,
      0.3385219196964243,
      0.22119068676339695,
      -0.02127292441264941
    ],
    "u_HIGH": [
      -0.17964223324786444,
      0.39211541577223175,
      0.282390952512934,
      -0.24205544833954368,
      -0.41411900142818153,
      0.021273987587685072
    ],
    "u_LOW_w_index_2": -0.2823892202522095,
    "u_HIGH_w_index_2": 0.282390952512934,
    "raw_array": [
      [
        0.37257159872303625,
        0.09020361588733262,
        -0.2823892202522095,
        0.3385219196964243,
        0.22119068676339695,
        -0.02127292441264941
      ],
      [
        -0.17964223324786444,
        0.39211541577223175,
        0.282390952512934,
        -0.24205544833954368,
        -0.41411900142818153,
        0.021273987587685072
      ]
    ]
  },
  "m_params": [
    [
      [
        0.10128065393609252,
        0.002190337244625909,
        -0.015425826419827888,
        -0.020685853708636598,
        -0.04789572439866879,
        -0.0151001518858394
      ],
      [
        0.07001425534161682,
        -0.009039468569352982,
        0.016946282369072738,
        -0.03061374413578525,
        -0.04980180575313303,
        -0.003988274984917821
      ]
    ],
    [
      [
        0.012004474311722867,
        0.0024923158375800103,
        0.030279851219538016,
        0.003601929472149981,
        0.006466244075162534,
        0.013613045386739945
      ],
      [
        -0.07480063390350977,
        -0.010446841847754483,
        -0.14183462841769404,
        0.5903525740019533,
        0.24219654115809955,
        0.06919352876971052
      ]
    ],
    [
      [
        0.9582116113335757,
        0.003044614078876074,
        -0.014248714185014704,
        -0.007011593433916261,
        0.020760415223468248,
        0.007214109571139146
      ],
      [
        0.8283339493968467,
        -7.552653016767115e-05,
        0.010586044569769134,
        0.04705255799294638,
        0.022803496440498967,
        0.008102943965680188
      ]
    ]
  ],
  "has_prec": true,
  "use_smc": false,
  "Y_COLS": [
    "scoring_rate",
    "prec_rate",
    "bid_rate"
  ],
  "X_COLS": [
    "x0",
    "h",
    "w",
    "post09",
    "post14",
    "post23"
  ],
  "n_panel_rows": 7699,
  "n_firms": 500,
  "year_min": 2006,
  "year_max": 2024,
  "stage_info": {
    "stage_name": "K1_firms_500",
    "n_firms": 500,
    "n_rows": 7699,
    "success": false,
    "message": "STOP: TOTAL NO. OF ITERATIONS REACHED LIMIT",
    "subsample_note": "Subsample = top-N firms by bid frequency (most bids across FY2006-2024). Final stage uses all firms when STAGED_FIRMS includes None."
  },
  "staged_firms": [
    200,
    500
  ],
  "subsample_note": "Subsample = top-N firms by bid frequency (most bids across FY2006-2024). Final stage uses all firms when STAGED_FIRMS includes None.",
  "precision_definition": "margin in [0.000, 0.005]: bid within [MIP, MIP+0.5%]",
  "bartik_note": "Bartik Exposure computed on full panel before subsetting.",
  "periodic_save_seconds": 1800
}